[{"model": "reportes.paquete", "pk": 1, "fields": {"codigo_dhl": "PAQUETE1"}}, {"model": "reportes.paquete", "pk": 2, "fields": {"codigo_dhl": "PAQUETE2"}}, {"model": "reportes.paquete", "pk": 3, "fields": {"codigo_dhl": "PAQUETE3"}}, {"model": "reportes.ordeninterna", "pk": 1, "fields": {"usuario": 7, "localidad": "", "fecha_envio": null, "link_resultados": "", "guia_envio": "", "paquete": null, "formato_ingreso_muestra": "", "idioma_reporte": "8809 ES", "mrl": "", "estatus": "fantasma", "fecha_eri": null, "notif_e": "S\u00ed", "fecha_lab": null, "fecha_ei": null, "envio_ti": "S\u00ed", "cliente_cr": "No", "resp_pago": "", "correo": "", "telefono": ""}}, {"model": "reportes.muestra", "pk": 1, "fields": {"usuario": 6, "oi": 1, "producto": "Agucate", "variedad": "Macho", "pais_origen": "Afganist\u00e1n", "codigo_muestra": "CL4V3", "agricultor": "Juna", "ubicacion": "Bld", "estado": "Tepito", "parcela": "Parcela 1", "fecha_muestreo": "2019-10-22", "destino": "Antigua y Barbuda", "idioma": "8809", "estado_muestra": true, "fechah_recibo": null, "fecha_forma": "2019-10-22"}}, {"model": "reportes.cotizacion", "pk": 1, "fields": {"usuario_c": 3, "usuario_v": 2, "descuento": "10.0000", "subtotal": "1000.00", "iva": "15.00", "total": "1234.00", "status": true, "fecha_creada": "2019-10-22"}}, {"model": "reportes.cotizacion", "pk": 2, "fields": {"usuario_c": 3, "usuario_v": 2, "descuento": "15.0000", "subtotal": "9999.99", "iva": "15.00", "total": "199999.99", "status": true, "fecha_creada": "2019-10-22"}}, {"model": "reportes.cotizacion", "pk": 3, "fields": {"usuario_c": 3, "usuario_v": 2, "descuento": "12.0000", "subtotal": "9998.99", "iva": "15.00", "total": "19876425.00", "status": true, "fecha_creada": "2019-10-22"}}, {"model": "reportes.pais", "pk": 1, "fields": {"nombre": "M\u00e9xico"}}, {"model": "reportes.pais", "pk": 2, "fields": {"nombre": "Wakanda"}}, {"model": "reportes.pais", "pk": 3, "fields": {"nombre": "Atlantis"}}, {"model": "reportes.pais", "pk": 4, "fields": {"nombre": "Uganda"}}, {"model": "reportes.pais", "pk": 5, "fields": {"nombre": "China"}}, {"model": "reportes.pais", "pk": 6, "fields": {"nombre": "Holanda"}}, {"model": "reportes.pais", "pk": 7, "fields": {"nombre": "Estados Unidos"}}, {"model": "reportes.analisis", "pk": 1, "fields": {"nombre": "Otro", "codigo": "Otro", "descripcion": "Otro", "precio": "0.00", "unidad_min": "3g", "tiempo": "2 d\u00edas", "pais": 1, "acreditacion": true}}, {"model": "reportes.analisis", "pk": 2, "fields": {"nombre": "A1", "codigo": "A1", "descripcion": "Pesticidas", "precio": "500.00", "unidad_min": "3g", "tiempo": "3 d\u00edas", "pais": 2, "acreditacion": true}}, {"model": "reportes.analisis", "pk": 3, "fields": {"nombre": "A2", "codigo": "A2", "descripcion": "Plaga", "precio": "10000.00", "unidad_min": "3g", "tiempo": "1 d\u00eda", "pais": 6, "acreditacion": false}}, {"model": "reportes.analisis", "pk": 4, "fields": {"nombre": "B1", "codigo": "B1", "descripcion": "Bacterias", "precio": "12345.00", "unidad_min": "3", "tiempo": "2 semanas", "pais": 3, "acreditacion": true}}, {"model": "reportes.analisis", "pk": 5, "fields": {"nombre": "B2", "codigo": "B2", "descripcion": "Agropecuario", "precio": "12345.00", "unidad_min": "3", "tiempo": "2 semanas", "pais": 3, "acreditacion": true}}, {"model": "reportes.analisiscotizacion", "pk": 1, "fields": {"analisis": 5, "cotizacion": 1, "cantidad": 6, "fecha": "2019-10-22"}}, {"model": "reportes.analisiscotizacion", "pk": 2, "fields": {"analisis": 2, "cotizacion": 1, "cantidad": 6, "fecha": "2019-10-21"}}, {"model": "reportes.analisiscotizacion", "pk": 3, "fields": {"analisis": 5, "cotizacion": 3, "cantidad": 2, "fecha": "2019-10-24"}}, {"model": "reportes.analisismuestra", "pk": 1, "fields": {"analisis": 1, "muestra": 1, "estado": true, "fecha": "2019-10-22"}}, {"model": "cuentas.rol", "pk": 1, "fields": {"nombre": "Director"}}, {"model": "cuentas.rol", "pk": 2, "fields": {"nombre": "Ventas"}}, {"model": "cuentas.rol", "pk": 3, "fields": {"nombre": "Cliente"}}, {"model": "cuentas.rol", "pk": 4, "fields": {"nombre": "Facturacion"}}, {"model": "cuentas.rol", "pk": 5, "fields": {"nombre": "Soporte"}}, {"model": "cuentas.rol", "pk": 6, "fields": {"nombre": "SuperUser"}}, {"model": "cuentas.rol", "pk": 7, "fields": {"nombre": "Phantom"}}, {"model": "cuentas.empresa", "pk": 1, "fields": {"empresa": "IFC"}}, {"model": "cuentas.empresa", "pk": 2, "fields": {"empresa": "Takis SA"}}, {"model": "cuentas.empresa", "pk": 3, "fields": {"empresa": "Phantom Inc"}}, {"model": "cuentas.empresa", "pk": 4, "fields": {"empresa": "Morocotopo Inc"}}, {"model": "cuentas.empresa", "pk": 5, "fields": {"empresa": "Doofenshmirts Evil Inc"}}, {"model": "auth.user", "pk": 1, "fields": {"password": "pbkdf2_sha256$150000$Xamk5FPSZX9k$MtoG8mkZb7XI5eMUwtUWSHVTVzNhZ9bpVvnWJr/nVVQ=", "last_login": "2019-10-22T17:22:49.223Z", "is_superuser": true, "username": "admin", "first_name": "", "last_name": "", "email": "admin@admin.com", "is_staff": true, "is_active": true, "date_joined": "2019-10-22T16:32:49.776Z", "groups": [], "user_permissions": []}}, {"model": "auth.user", "pk": 2, "fields": {"password": "pbkdf2_sha256$150000$5aTZZ6CC3kbY$5yi8NX8FSOpVbMuNqH65hkx6yeDqE7B4rhhaS1Db7vA=", "last_login": null, "is_superuser": false, "username": "director", "first_name": "", "last_name": "", "email": "director@lalocura.com", "is_staff": false, "is_active": true, "date_joined": "2019-10-22T16:34:58Z", "groups": [], "user_permissions": []}}, {"model": "auth.user", "pk": 3, "fields": {"password": "pbkdf2_sha256$150000$aVVP3KHROjr8$DTxLc3KRnHp5KLNl11PoM0rHyQX9QNH50uAZmMsy3r0=", "last_login": null, "is_superuser": false, "username": "ventas", "first_name": "", "last_name": "", "email": "ventas@lalocura.com", "is_staff": false, "is_active": true, "date_joined": "2019-10-22T16:35:42Z", "groups": [], "user_permissions": []}}, {"model": "auth.user", "pk": 4, "fields": {"password": "pbkdf2_sha256$150000$KMEI0f8nAKvW$hfybHi4YWrKSKbtW3Y65moJiXrYzheinyalXY/K209U=", "last_login": null, "is_superuser": false, "username": "soporte", "first_name": "", "last_name": "", "email": "sopoerte@lalocura.com", "is_staff": false, "is_active": true, "date_joined": "2019-10-22T16:36:34Z", "groups": [], "user_permissions": []}}, {"model": "auth.user", "pk": 5, "fields": {"password": "pbkdf2_sha256$150000$pP0uh7CH9tjd$nsnCRRDhj55hHkOZ7O2851jFpz9xJcXKMCMqWdiVl80=", "last_login": null, "is_superuser": false, "username": "facturacion", "first_name": "", "last_name": "", "email": "facturacion@lalocura.com", "is_staff": false, "is_active": true, "date_joined": "2019-10-22T16:37:20Z", "groups": [], "user_permissions": []}}, {"model": "auth.user", "pk": 6, "fields": {"password": "pbkdf2_sha256$150000$OwyNFzaePj9s$baZ/R3v61rvefeeJ4K1vpZlNbzSJqbUe3ROHHTecipg=", "last_login": "2019-10-22T17:34:41.467Z", "is_superuser": false, "username": "cliente", "first_name": "", "last_name": "", "email": "cliente@lalocura.com", "is_staff": false, "is_active": true, "date_joined": "2019-10-22T16:37:57Z", "groups": [], "user_permissions": []}}, {"model": "auth.user", "pk": 7, "fields": {"password": "pbkdf2_sha256$150000$vDaNbU5ZPhJr$39dMCg87EhbumpbeSRoeQLWonGiCah14IPsjbRytHOA=", "last_login": null, "is_superuser": false, "username": "phantom", "first_name": "", "last_name": "", "email": "phantom@lalocura.com", "is_staff": false, "is_active": true, "date_joined": "2019-10-22T16:38:43Z", "groups": [], "user_permissions": []}}, {"model": "admin.logentry", "pk": 1, "fields": {"action_time": "2019-10-22T16:34:58.743Z", "user": 1, "content_type": 16, "object_id": "2", "object_repr": "director", "action_flag": 1, "change_message": "[{\"added\": {}}]"}}, {"model": "admin.logentry", "pk": 2, "fields": {"action_time": "2019-10-22T16:35:21.040Z", "user": 1, "content_type": 16, "object_id": "2", "object_repr": "director", "action_flag": 2, "change_message": "[{\"changed\": {\"fields\": [\"email\"]}}]"}}, {"model": "admin.logentry", "pk": 3, "fields": {"action_time": "2019-10-22T16:35:42.380Z", "user": 1, "content_type": 16, "object_id": "3", "object_repr": "ventas", "action_flag": 1, "change_message": "[{\"added\": {}}]"}}, {"model": "admin.logentry", "pk": 4, "fields": {"action_time": "2019-10-22T16:35:58.588Z", "user": 1, "content_type": 16, "object_id": "3", "object_repr": "ventas", "action_flag": 2, "change_message": "[{\"changed\": {\"fields\": [\"email\"]}}]"}}, {"model": "admin.logentry", "pk": 5, "fields": {"action_time": "2019-10-22T16:36:35.002Z", "user": 1, "content_type": 16, "object_id": "4", "object_repr": "soporte", "action_flag": 1, "change_message": "[{\"added\": {}}]"}}, {"model": "admin.logentry", "pk": 6, "fields": {"action_time": "2019-10-22T16:36:52.369Z", "user": 1, "content_type": 16, "object_id": "4", "object_repr": "soporte", "action_flag": 2, "change_message": "[{\"changed\": {\"fields\": [\"email\"]}}]"}}, {"model": "admin.logentry", "pk": 7, "fields": {"action_time": "2019-10-22T16:37:20.208Z", "user": 1, "content_type": 16, "object_id": "5", "object_repr": "facturacion", "action_flag": 1, "change_message": "[{\"added\": {}}]"}}, {"model": "admin.logentry", "pk": 8, "fields": {"action_time": "2019-10-22T16:37:33.317Z", "user": 1, "content_type": 16, "object_id": "5", "object_repr": "facturacion", "action_flag": 2, "change_message": "[{\"changed\": {\"fields\": [\"email\"]}}]"}}, {"model": "admin.logentry", "pk": 9, "fields": {"action_time": "2019-10-22T16:37:58.011Z", "user": 1, "content_type": 16, "object_id": "6", "object_repr": "cliente", "action_flag": 1, "change_message": "[{\"added\": {}}]"}}, {"model": "admin.logentry", "pk": 10, "fields": {"action_time": "2019-10-22T16:38:10.184Z", "user": 1, "content_type": 16, "object_id": "6", "object_repr": "cliente", "action_flag": 2, "change_message": "[{\"changed\": {\"fields\": [\"email\"]}}]"}}, {"model": "admin.logentry", "pk": 11, "fields": {"action_time": "2019-10-22T16:38:44.056Z", "user": 1, "content_type": 16, "object_id": "7", "object_repr": "phantom", "action_flag": 1, "change_message": "[{\"added\": {}}]"}}, {"model": "admin.logentry", "pk": 12, "fields": {"action_time": "2019-10-22T16:39:00.940Z", "user": 1, "content_type": 16, "object_id": "7", "object_repr": "phantom", "action_flag": 2, "change_message": "[{\"changed\": {\"fields\": [\"email\"]}}]"}}, {"model": "admin.logentry", "pk": 13, "fields": {"action_time": "2019-10-22T16:39:18.868Z", "user": 1, "content_type": 11, "object_id": "1", "object_repr": "Director", "action_flag": 1, "change_message": "[{\"added\": {}}]"}}, {"model": "admin.logentry", "pk": 14, "fields": {"action_time": "2019-10-22T16:39:48.340Z", "user": 1, "content_type": 10, "object_id": "1", "object_repr": "IFC", "action_flag": 1, "change_message": "[{\"added\": {}}]"}}, {"model": "admin.logentry", "pk": 15, "fields": {"action_time": "2019-10-22T16:40:07.573Z", "user": 1, "content_type": 12, "object_id": "1", "object_repr": "director: director@lalocura.com (Director . .)", "action_flag": 1, "change_message": "[{\"added\": {}}]"}}, {"model": "admin.logentry", "pk": 16, "fields": {"action_time": "2019-10-22T16:40:26.377Z", "user": 1, "content_type": 11, "object_id": "2", "object_repr": "Ventas", "action_flag": 1, "change_message": "[{\"added\": {}}]"}}, {"model": "admin.logentry", "pk": 17, "fields": {"action_time": "2019-10-22T16:40:52.050Z", "user": 1, "content_type": 12, "object_id": "2", "object_repr": "ventas: ventas@lalocura.com (Ventas . .)", "action_flag": 1, "change_message": "[{\"added\": {}}]"}}, {"model": "admin.logentry", "pk": 18, "fields": {"action_time": "2019-10-22T16:41:11.086Z", "user": 1, "content_type": 11, "object_id": "3", "object_repr": "Cliente", "action_flag": 1, "change_message": "[{\"added\": {}}]"}}, {"model": "admin.logentry", "pk": 19, "fields": {"action_time": "2019-10-22T16:41:37.006Z", "user": 1, "content_type": 12, "object_id": "3", "object_repr": "cliente: cliente@lalocura.com (Cliente . .)", "action_flag": 1, "change_message": "[{\"added\": {}}]"}}, {"model": "admin.logentry", "pk": 20, "fields": {"action_time": "2019-10-22T16:42:01.469Z", "user": 1, "content_type": 11, "object_id": "4", "object_repr": "Facturacion", "action_flag": 1, "change_message": "[{\"added\": {}}]"}}, {"model": "admin.logentry", "pk": 21, "fields": {"action_time": "2019-10-22T16:42:21.825Z", "user": 1, "content_type": 12, "object_id": "4", "object_repr": "facturacion: facturacion@lalocura.com (Facturacion . .)", "action_flag": 1, "change_message": "[{\"added\": {}}]"}}, {"model": "admin.logentry", "pk": 22, "fields": {"action_time": "2019-10-22T16:42:33.109Z", "user": 1, "content_type": 10, "object_id": "2", "object_repr": "Takis SA", "action_flag": 1, "change_message": "[{\"added\": {}}]"}}, {"model": "admin.logentry", "pk": 23, "fields": {"action_time": "2019-10-22T16:42:35.250Z", "user": 1, "content_type": 12, "object_id": "3", "object_repr": "cliente: cliente@lalocura.com (Cliente . .)", "action_flag": 2, "change_message": "[{\"changed\": {\"fields\": [\"empresa\"]}}]"}}, {"model": "admin.logentry", "pk": 24, "fields": {"action_time": "2019-10-22T16:42:48.926Z", "user": 1, "content_type": 11, "object_id": "5", "object_repr": "Soporte", "action_flag": 1, "change_message": "[{\"added\": {}}]"}}, {"model": "admin.logentry", "pk": 25, "fields": {"action_time": "2019-10-22T16:43:12.224Z", "user": 1, "content_type": 12, "object_id": "5", "object_repr": "soporte: sopoerte@lalocura.com (Soporte . .)", "action_flag": 1, "change_message": "[{\"added\": {}}]"}}, {"model": "admin.logentry", "pk": 26, "fields": {"action_time": "2019-10-22T16:43:42.002Z", "user": 1, "content_type": 11, "object_id": "6", "object_repr": "SuperUser", "action_flag": 1, "change_message": "[{\"added\": {}}]"}}, {"model": "admin.logentry", "pk": 27, "fields": {"action_time": "2019-10-22T16:43:59.529Z", "user": 1, "content_type": 12, "object_id": "6", "object_repr": "admin: admin@admin.com (Admin . .)", "action_flag": 1, "change_message": "[{\"added\": {}}]"}}, {"model": "admin.logentry", "pk": 28, "fields": {"action_time": "2019-10-22T16:44:14.795Z", "user": 1, "content_type": 11, "object_id": "7", "object_repr": "Phantom", "action_flag": 1, "change_message": "[{\"added\": {}}]"}}, {"model": "admin.logentry", "pk": 29, "fields": {"action_time": "2019-10-22T16:46:17.529Z", "user": 1, "content_type": 10, "object_id": "3", "object_repr": "Phantom Inc", "action_flag": 1, "change_message": "[{\"added\": {}}]"}}, {"model": "admin.logentry", "pk": 30, "fields": {"action_time": "2019-10-22T16:46:28.792Z", "user": 1, "content_type": 12, "object_id": "7", "object_repr": "phantom: phantom@lalocura.com (Danny Phantom Phantom)", "action_flag": 1, "change_message": "[{\"added\": {}}]"}}, {"model": "admin.logentry", "pk": 31, "fields": {"action_time": "2019-10-22T16:48:10.602Z", "user": 1, "content_type": 10, "object_id": "4", "object_repr": "Morocotopo Inc", "action_flag": 1, "change_message": "[{\"added\": {}}]"}}, {"model": "admin.logentry", "pk": 32, "fields": {"action_time": "2019-10-22T16:48:24.931Z", "user": 1, "content_type": 10, "object_id": "5", "object_repr": "Doofenshmirts Evil Inc", "action_flag": 1, "change_message": "[{\"added\": {}}]"}}, {"model": "admin.logentry", "pk": 33, "fields": {"action_time": "2019-10-22T16:49:05.046Z", "user": 1, "content_type": 2, "object_id": "1", "object_repr": "Pais object (1)", "action_flag": 1, "change_message": "[{\"added\": {}}]"}}, {"model": "admin.logentry", "pk": 34, "fields": {"action_time": "2019-10-22T16:49:08.989Z", "user": 1, "content_type": 2, "object_id": "2", "object_repr": "Pais object (2)", "action_flag": 1, "change_message": "[{\"added\": {}}]"}}, {"model": "admin.logentry", "pk": 35, "fields": {"action_time": "2019-10-22T16:49:13.712Z", "user": 1, "content_type": 2, "object_id": "3", "object_repr": "Pais object (3)", "action_flag": 1, "change_message": "[{\"added\": {}}]"}}, {"model": "admin.logentry", "pk": 36, "fields": {"action_time": "2019-10-22T16:49:21.507Z", "user": 1, "content_type": 2, "object_id": "4", "object_repr": "Pais object (4)", "action_flag": 1, "change_message": "[{\"added\": {}}]"}}, {"model": "admin.logentry", "pk": 37, "fields": {"action_time": "2019-10-22T16:49:27.005Z", "user": 1, "content_type": 2, "object_id": "5", "object_repr": "Pais object (5)", "action_flag": 1, "change_message": "[{\"added\": {}}]"}}, {"model": "admin.logentry", "pk": 38, "fields": {"action_time": "2019-10-22T16:49:39.453Z", "user": 1, "content_type": 2, "object_id": "6", "object_repr": "Pais object (6)", "action_flag": 1, "change_message": "[{\"added\": {}}]"}}, {"model": "admin.logentry", "pk": 39, "fields": {"action_time": "2019-10-22T16:51:03.786Z", "user": 1, "content_type": 2, "object_id": "7", "object_repr": "USA", "action_flag": 1, "change_message": "[{\"added\": {}}]"}}, {"model": "admin.logentry", "pk": 40, "fields": {"action_time": "2019-10-22T16:51:35.105Z", "user": 1, "content_type": 2, "object_id": "7", "object_repr": "Estados Unidos", "action_flag": 2, "change_message": "[{\"changed\": {\"fields\": [\"nombre\"]}}]"}}, {"model": "admin.logentry", "pk": 41, "fields": {"action_time": "2019-10-22T16:55:24.291Z", "user": 1, "content_type": 1, "object_id": "1", "object_repr": "Analisis object (1)", "action_flag": 1, "change_message": "[{\"added\": {}}]"}}, {"model": "admin.logentry", "pk": 42, "fields": {"action_time": "2019-10-22T17:05:51.550Z", "user": 1, "content_type": 1, "object_id": "2", "object_repr": "Otro2 Otro2", "action_flag": 1, "change_message": "[{\"added\": {}}]"}}, {"model": "admin.logentry", "pk": 43, "fields": {"action_time": "2019-10-22T17:06:31.814Z", "user": 1, "content_type": 1, "object_id": "3", "object_repr": "Otro3 Otro3", "action_flag": 1, "change_message": "[{\"added\": {}}]"}}, {"model": "admin.logentry", "pk": 44, "fields": {"action_time": "2019-10-22T17:07:08.805Z", "user": 1, "content_type": 3, "object_id": "1", "object_repr": "Paquete object (1)", "action_flag": 1, "change_message": "[{\"added\": {}}]"}}, {"model": "admin.logentry", "pk": 45, "fields": {"action_time": "2019-10-22T17:08:11.495Z", "user": 1, "content_type": 3, "object_id": "2", "object_repr": "PAQUETE2", "action_flag": 1, "change_message": "[{\"added\": {}}]"}}, {"model": "admin.logentry", "pk": 46, "fields": {"action_time": "2019-10-22T17:08:19.171Z", "user": 1, "content_type": 3, "object_id": "3", "object_repr": "PAQUETE3", "action_flag": 1, "change_message": "[{\"added\": {}}]"}}, {"model": "admin.logentry", "pk": 47, "fields": {"action_time": "2019-10-22T17:10:44.713Z", "user": 1, "content_type": 7, "object_id": "1", "object_repr": "Cotizacion object (1)", "action_flag": 1, "change_message": "[{\"added\": {}}]"}}, {"model": "admin.logentry", "pk": 48, "fields": {"action_time": "2019-10-22T17:12:47.010Z", "user": 1, "content_type": 7, "object_id": "2", "object_repr": "2 cliente", "action_flag": 1, "change_message": "[{\"added\": {}}]"}}, {"model": "admin.logentry", "pk": 49, "fields": {"action_time": "2019-10-22T17:13:21.331Z", "user": 1, "content_type": 7, "object_id": "3", "object_repr": "3 cliente", "action_flag": 1, "change_message": "[{\"added\": {}}]"}}, {"model": "admin.logentry", "pk": 50, "fields": {"action_time": "2019-10-22T17:17:15.551Z", "user": 1, "content_type": 1, "object_id": "2", "object_repr": "A1 A1", "action_flag": 2, "change_message": "[{\"changed\": {\"fields\": [\"nombre\", \"codigo\", \"descripcion\", \"precio\"]}}]"}}, {"model": "admin.logentry", "pk": 51, "fields": {"action_time": "2019-10-22T17:17:15.562Z", "user": 1, "content_type": 1, "object_id": "2", "object_repr": "A1 A1", "action_flag": 2, "change_message": "[{\"changed\": {\"fields\": [\"nombre\", \"codigo\", \"descripcion\", \"precio\"]}}]"}}, {"model": "admin.logentry", "pk": 52, "fields": {"action_time": "2019-10-22T17:18:04.186Z", "user": 1, "content_type": 1, "object_id": "3", "object_repr": "A2 A2", "action_flag": 2, "change_message": "[{\"changed\": {\"fields\": [\"nombre\", \"codigo\", \"descripcion\", \"precio\"]}}]"}}, {"model": "admin.logentry", "pk": 53, "fields": {"action_time": "2019-10-22T17:19:09.427Z", "user": 1, "content_type": 1, "object_id": "4", "object_repr": "B1 B1", "action_flag": 1, "change_message": "[{\"added\": {}}]"}}, {"model": "admin.logentry", "pk": 54, "fields": {"action_time": "2019-10-22T17:19:09.429Z", "user": 1, "content_type": 1, "object_id": "5", "object_repr": "B1 B1", "action_flag": 1, "change_message": "[{\"added\": {}}]"}}, {"model": "admin.logentry", "pk": 55, "fields": {"action_time": "2019-10-22T17:19:23.255Z", "user": 1, "content_type": 9, "object_id": "1", "object_repr": "2019-10-22", "action_flag": 1, "change_message": "[{\"added\": {}}]"}}, {"model": "admin.logentry", "pk": 56, "fields": {"action_time": "2019-10-22T17:19:24.164Z", "user": 1, "content_type": 9, "object_id": "2", "object_repr": "2019-10-22", "action_flag": 1, "change_message": "[{\"added\": {}}]"}}, {"model": "admin.logentry", "pk": 57, "fields": {"action_time": "2019-10-22T17:19:50.767Z", "user": 1, "content_type": 9, "object_id": "2", "object_repr": "2019-10-21", "action_flag": 2, "change_message": "[{\"changed\": {\"fields\": [\"analisis\", \"fecha\"]}}]"}}, {"model": "admin.logentry", "pk": 58, "fields": {"action_time": "2019-10-22T17:20:49.513Z", "user": 1, "content_type": 1, "object_id": "5", "object_repr": "B2 B2", "action_flag": 2, "change_message": "[{\"changed\": {\"fields\": [\"nombre\", \"codigo\"]}}]"}}, {"model": "admin.logentry", "pk": 59, "fields": {"action_time": "2019-10-22T17:21:17.013Z", "user": 1, "content_type": 1, "object_id": "4", "object_repr": "B1 B1", "action_flag": 2, "change_message": "[{\"changed\": {\"fields\": [\"descripcion\"]}}]"}}, {"model": "admin.logentry", "pk": 60, "fields": {"action_time": "2019-10-22T17:21:47.947Z", "user": 1, "content_type": 9, "object_id": "3", "object_repr": "2019-10-24 3", "action_flag": 1, "change_message": "[{\"added\": {}}]"}}, {"model": "cuentas.ifcusuario", "pk": 1, "fields": {"rol": 1, "user": 2, "nombre": "Director", "apellido_paterno": ".", "apellido_materno": ".", "telefono": "123456789", "estado": true, "empresa": 1}}, {"model": "cuentas.ifcusuario", "pk": 2, "fields": {"rol": 2, "user": 3, "nombre": "Ventas", "apellido_paterno": ".", "apellido_materno": ".", "telefono": "098765432", "estado": true, "empresa": 1}}, {"model": "cuentas.ifcusuario", "pk": 3, "fields": {"rol": 3, "user": 6, "nombre": "Cliente", "apellido_paterno": ".", "apellido_materno": ".", "telefono": "98767890769", "estado": true, "empresa": 2}}, {"model": "cuentas.ifcusuario", "pk": 4, "fields": {"rol": 4, "user": 5, "nombre": "Facturacion", "apellido_paterno": ".", "apellido_materno": ".", "telefono": "67890098765", "estado": true, "empresa": 1}}, {"model": "cuentas.ifcusuario", "pk": 5, "fields": {"rol": 5, "user": 4, "nombre": "Soporte", "apellido_paterno": ".", "apellido_materno": ".", "telefono": "87654356789", "estado": true, "empresa": 1}}, {"model": "cuentas.ifcusuario", "pk": 6, "fields": {"rol": 6, "user": 1, "nombre": "Admin", "apellido_paterno": ".", "apellido_materno": ".", "telefono": "43567898765678", "estado": true, "empresa": 1}}, {"model": "cuentas.ifcusuario", "pk": 7, "fields": {"rol": 7, "user": 7, "nombre": "Danny", "apellido_paterno": "Phantom", "apellido_materno": "Phantom", "telefono": "4567890098765", "estado": true, "empresa": 3}}]