[
{
  "model": "reportes.paquete",
  "pk": 1,
  "fields": {
    "codigo_dhl": "PAQUETE1"
  }
},
{
  "model": "reportes.paquete",
  "pk": 2,
  "fields": {
    "codigo_dhl": "PAQUETE2"
  }
},
{
  "model": "reportes.paquete",
  "pk": 3,
  "fields": {
    "codigo_dhl": "PAQUETE3"
  }
},
{
  "model": "reportes.ordeninterna",
  "pk": 1,
  "fields": {
    "usuario": 7,
    "localidad": "",
    "fecha_recepcion_m": null,
    "fecha_envio": null,
    "fecha_llegada_lab": null,
    "link_resultados": "",
    "guia_envio": "",
    "paquete": null,
    "pagado": "No",
    "formato_ingreso_muestra": "",
    "estatus": "Creada",
    "idioma_reporte": "8809 ES",
    "observaciones": ""
  }
},
{
  "model": "reportes.pais",
  "pk": 1,
  "fields": {
    "nombre": "M\u00e9xico"
  }
},
{
  "model": "reportes.pais",
  "pk": 2,
  "fields": {
    "nombre": "Wakanda"
  }
},
{
  "model": "reportes.pais",
  "pk": 3,
  "fields": {
    "nombre": "Atlantis"
  }
},
{
  "model": "reportes.pais",
  "pk": 4,
  "fields": {
    "nombre": "Uganda"
  }
},
{
  "model": "reportes.pais",
  "pk": 5,
  "fields": {
    "nombre": "China"
  }
},
{
  "model": "reportes.pais",
  "pk": 6,
  "fields": {
    "nombre": "Holanda"
  }
},
{
  "model": "reportes.pais",
  "pk": 7,
  "fields": {
    "nombre": "Estados Unidos"
  }
},
{
  "model": "reportes.analisis",
  "pk": 1,
  "fields": {
    "nombre": "Otro",
    "codigo": "Otro",
    "descripcion": "Otro",
    "precio": "0.00",
    "unidad_min": "3g",
    "tiempo": "2 d\u00edas",
    "pais": 1,
    "acreditacion": true
  }
},
{
  "model": "reportes.analisis",
  "pk": 2,
  "fields": {
    "nombre": "A1",
    "codigo": "A1",
    "descripcion": "Pesticidas",
    "precio": "500.00",
    "unidad_min": "3g",
    "tiempo": "3 d\u00edas",
    "pais": 2,
    "acreditacion": true
  }
},
{
  "model": "reportes.analisis",
  "pk": 3,
  "fields": {
    "nombre": "A2",
    "codigo": "A2",
    "descripcion": "Plaga",
    "precio": "10000.00",
    "unidad_min": "3g",
    "tiempo": "1 d\u00eda",
    "pais": 6,
    "acreditacion": false
  }
},
{
  "model": "reportes.analisis",
  "pk": 4,
  "fields": {
    "nombre": "B1",
    "codigo": "B1",
    "descripcion": "Bacterias",
    "precio": "12345.00",
    "unidad_min": "3",
    "tiempo": "2 semanas",
    "pais": 3,
    "acreditacion": true
  }
},
{
  "model": "reportes.analisis",
  "pk": 5,
  "fields": {
    "nombre": "B2",
    "codigo": "B2",
    "descripcion": "Agropecuario",
    "precio": "12345.00",
    "unidad_min": "3",
    "tiempo": "2 semanas",
    "pais": 3,
    "acreditacion": true
  }
},
{
  "model": "reportes.muestra",
  "pk": 1,
  "fields": {
    "usuario": 6,
    "oi": 1,
    "factura": null,
    "orden_compra": "",
    "link_resultados": "",
    "muestreador": null,
    "fecha_muestreo": "2019-10-22",
    "tipo_muestra": "AG",
    "producto": "Agucate",
    "variedad": "Macho",
    "pais_origen": "Afganist\u00e1n",
    "codigo_muestra": "CL4V3",
    "proveedor": null,
    "nombre_empresa": null,
    "codigo_trazabilidad": null,
    "agricultor": null,
    "direccion": "Tepito",
    "parcela": "Parcela 1",
    "ubicacion_muestreo": "Bld",
    "urgente": null,
    "idioma": "Espa\u00f1ol",
    "pais_destino": "Antigua y Barbuda",
    "descripcion_muestra": null,
    "lote_codigo": null,
    "analisis1": null,
    "analisis2": null,
    "analisis3": null,
    "analisis4": null,
    "analisis5": null,
    "analisis6": null,
    "paquete": null
  }
},
{
  "model": "reportes.cotizacion",
  "pk": 1,
  "fields": {
    "usuario_c": 3,
    "usuario_v": 2,
    "envio": "15.00",
    "subtotal": "1000.00",
    "total": "1234.00",
    "status": true,
    "aceptado": false,
    "fecha_creada": "2019-10-22",
    "bloqueado": false
  }
},
{
  "model": "reportes.cotizacion",
  "pk": 2,
  "fields": {
    "usuario_c": 3,
    "usuario_v": 2,
    "envio": "15.00",
    "subtotal": "9999.99",
    "total": "199999.99",
    "status": true,
    "aceptado": false,
    "fecha_creada": "2019-10-22",
    "bloqueado": false
  }
},
{
  "model": "reportes.cotizacion",
  "pk": 3,
  "fields": {
    "usuario_c": 3,
    "usuario_v": 2,
    "envio": "15.00",
    "subtotal": "9998.99",
    "total": "19876425.00",
    "status": true,
    "aceptado": false,
    "fecha_creada": "2019-10-22",
    "bloqueado": false
  }
},
{
  "model": "reportes.analisiscotizacion",
  "pk": 1,
  "fields": {
    "analisis": 5,
    "cotizacion": 1,
    "cantidad": 6,
    "restante": 6,
    "fecha": "2019-10-22",
    "descuento": "0.0000",
    "iva": "16.00",
    "total": "0.00"
  }
},
{
  "model": "reportes.analisiscotizacion",
  "pk": 2,
  "fields": {
    "analisis": 2,
    "cotizacion": 1,
    "cantidad": 6,
    "restante": 6,
    "fecha": "2019-10-21",
    "descuento": "0.0000",
    "iva": "16.00",
    "total": "0.00"
  }
},
{
  "model": "reportes.analisiscotizacion",
  "pk": 3,
  "fields": {
    "analisis": 5,
    "cotizacion": 3,
    "cantidad": 2,
    "restante": 2,
    "fecha": "2019-10-24",
    "descuento": "0.0000",
    "iva": "16.00",
    "total": "0.00"
  }
},
{
  "model": "reportes.analisismuestra",
  "pk": 1,
  "fields": {
    "analisis": 1,
    "muestra": 1,
    "estado": true,
    "fecha": "2019-10-22",
    "metodo_referencia": null
  }
},
{
  "model": "cuentas.rol",
  "pk": 1,
  "fields": {
    "nombre": "Director"
  }
},
{
  "model": "cuentas.rol",
  "pk": 2,
  "fields": {
    "nombre": "Ventas"
  }
},
{
  "model": "cuentas.rol",
  "pk": 3,
  "fields": {
    "nombre": "Cliente"
  }
},
{
  "model": "cuentas.rol",
  "pk": 4,
  "fields": {
    "nombre": "Facturacion"
  }
},
{
  "model": "cuentas.rol",
  "pk": 5,
  "fields": {
    "nombre": "Soporte"
  }
},
{
  "model": "cuentas.rol",
  "pk": 6,
  "fields": {
    "nombre": "SuperUser"
  }
},
{
  "model": "cuentas.rol",
  "pk": 7,
  "fields": {
    "nombre": "Phantom"
  }
},
{
  "model": "cuentas.rol",
  "pk": 8,
  "fields": {
    "nombre": "Gerente"
  }
},
{
  "model": "cuentas.empresa",
  "pk": 1,
  "fields": {
    "empresa": "IFC",
    "telefono": "4421234567898",
    "correo_resultados": "resultados@takis.com",
    "correo_pagos": "pagos@takis.com"
  }
},
{
  "model": "cuentas.empresa",
  "pk": 2,
  "fields": {
    "empresa": "Takis SA",
    "telefono": "442123456789",
    "correo_resultados": "resultados@takos.com",
    "correo_pagos": "pagos@takis.com"
  }
},
{
  "model": "cuentas.empresa",
  "pk": 3,
  "fields": {
    "empresa": "Phantom Inc",
    "telefono": "442123456789",
    "correo_resultados": "resultados@takis.com",
    "correo_pagos": "pagos@takis.com"
  }
},
{
  "model": "cuentas.empresa",
  "pk": 4,
  "fields": {
    "empresa": "Morocotopo Inc",
    "telefono": "442123456789",
    "correo_resultados": "resultados@takis.com",
    "correo_pagos": "pagos@takis.com"
  }
},
{
  "model": "cuentas.empresa",
  "pk": 5,
  "fields": {
    "empresa": "Doofenshmirts Evil Inc",
    "telefono": "442123456789",
    "correo_resultados": "resultados@takis.com",
    "correo_pagos": "pagos@takis.com"
  }
},
{
  "model": "cuentas.permiso",
  "pk": 1,
  "fields": {
    "nombre": "ingresar_codigo_dhl"
  }
},
{
  "model": "cuentas.permiso",
  "pk": 2,
  "fields": {
    "nombre": "consultar_catalogo_analisis"
  }
},
{
  "model": "cuentas.permiso",
  "pk": 3,
  "fields": {
    "nombre": "actualizar_orden_interna"
  }
},
{
  "model": "cuentas.permiso",
  "pk": 4,
  "fields": {
    "nombre": "modificar_catalogo_analisis"
  }
},
{
  "model": "cuentas.permiso",
  "pk": 5,
  "fields": {
    "nombre": "visualizar_orden_interna"
  }
},
{
  "model": "cuentas.permiso",
  "pk": 6,
  "fields": {
    "nombre": "ingresar_muestra"
  }
},
{
  "model": "cuentas.permiso",
  "pk": 7,
  "fields": {
    "nombre": "bloquear_usuarios"
  }
},
{
  "model": "cuentas.permiso",
  "pk": 8,
  "fields": {
    "nombre": "eliminar_orden_interna"
  }
},
{
  "model": "cuentas.permiso",
  "pk": 9,
  "fields": {
    "nombre": "consultar_cotizacion"
  }
},
{
  "model": "cuentas.permiso",
  "pk": 10,
  "fields": {
    "nombre": "crear_cliente"
  }
},
{
  "model": "cuentas.permiso",
  "pk": 11,
  "fields": {
    "nombre": "crear_cotizacion"
  }
},
{
  "model": "cuentas.permiso",
  "pk": 12,
  "fields": {
    "nombre": "actualizar_cotizacion"
  }
},
{
  "model": "cuentas.permiso",
  "pk": 13,
  "fields": {
    "nombre": "visualizar_cotizacion"
  }
},
{
  "model": "cuentas.permiso",
  "pk": 14,
  "fields": {
    "nombre": "consultar_informacion_factura"
  }
},
{
  "model": "cuentas.permiso",
  "pk": 15,
  "fields": {
    "nombre": "aceptar_cotizacion"
  }
},
{
  "model": "cuentas.permiso",
  "pk": 16,
  "fields": {
    "nombre": "visualizar_clientes"
  }
},
{
  "model": "cuentas.permiso",
  "pk": 17,
  "fields": {
    "nombre": "notificar_resultados_correo"
  }
},
{
  "model": "cuentas.permiso",
  "pk": 18,
  "fields": {
    "nombre": "crear_usuario"
  }
},
{
  "model": "cuentas.permiso",
  "pk": 19,
  "fields": {
    "nombre": "visualizar_usuarios"
  }
},
{
  "model": "cuentas.permiso",
  "pk": 20,
  "fields": {
    "nombre": "descargar_cotizacion_pdf"
  }
},
{
  "model": "cuentas.permiso",
  "pk": 21,
  "fields": {
    "nombre": "borrar_cotizacion"
  }
},
{
  "model": "cuentas.permiso",
  "pk": 22,
  "fields": {
    "nombre": "modificar_muestra"
  }
},
{
  "model": "cuentas.permiso",
  "pk": 23,
  "fields": {
    "nombre": "registrar_analisis_catalogo"
  }
},
{
  "model": "cuentas.permiso",
  "pk": 24,
  "fields": {
    "nombre": "eliminar_analisis_catalogo"
  }
},
{
  "model": "cuentas.permisorol",
  "pk": 1,
  "fields": {
    "permiso": 1,
    "rol": 8
  }
},
{
  "model": "cuentas.permisorol",
  "pk": 2,
  "fields": {
    "permiso": 1,
    "rol": 2
  }
},
{
  "model": "cuentas.permisorol",
  "pk": 3,
  "fields": {
    "permiso": 1,
    "rol": 5
  }
},
{
  "model": "cuentas.permisorol",
  "pk": 4,
  "fields": {
    "permiso": 1,
    "rol": 6
  }
},
{
  "model": "cuentas.permisorol",
  "pk": 5,
  "fields": {
    "permiso": 2,
    "rol": 1
  }
},
{
  "model": "cuentas.permisorol",
  "pk": 6,
  "fields": {
    "permiso": 2,
    "rol": 8
  }
},
{
  "model": "cuentas.permisorol",
  "pk": 7,
  "fields": {
    "permiso": 2,
    "rol": 2
  }
},
{
  "model": "cuentas.permisorol",
  "pk": 8,
  "fields": {
    "permiso": 2,
    "rol": 5
  }
},
{
  "model": "cuentas.permisorol",
  "pk": 9,
  "fields": {
    "permiso": 2,
    "rol": 4
  }
},
{
  "model": "cuentas.permisorol",
  "pk": 10,
  "fields": {
    "permiso": 2,
    "rol": 6
  }
},
{
  "model": "cuentas.permisorol",
  "pk": 11,
  "fields": {
    "permiso": 3,
    "rol": 5
  }
},
{
  "model": "cuentas.permisorol",
  "pk": 12,
  "fields": {
    "permiso": 3,
    "rol": 6
  }
},
{
  "model": "cuentas.permisorol",
  "pk": 13,
  "fields": {
    "permiso": 4,
    "rol": 1
  }
},
{
  "model": "cuentas.permisorol",
  "pk": 14,
  "fields": {
    "permiso": 4,
    "rol": 8
  }
},
{
  "model": "cuentas.permisorol",
  "pk": 15,
  "fields": {
    "permiso": 4,
    "rol": 6
  }
},
{
  "model": "cuentas.permisorol",
  "pk": 16,
  "fields": {
    "permiso": 5,
    "rol": 1
  }
},
{
  "model": "cuentas.permisorol",
  "pk": 17,
  "fields": {
    "permiso": 5,
    "rol": 8
  }
},
{
  "model": "cuentas.permisorol",
  "pk": 18,
  "fields": {
    "permiso": 5,
    "rol": 2
  }
},
{
  "model": "cuentas.permisorol",
  "pk": 19,
  "fields": {
    "permiso": 5,
    "rol": 5
  }
},
{
  "model": "cuentas.permisorol",
  "pk": 20,
  "fields": {
    "permiso": 5,
    "rol": 4
  }
},
{
  "model": "cuentas.permisorol",
  "pk": 21,
  "fields": {
    "permiso": 5,
    "rol": 6
  }
},
{
  "model": "cuentas.permisorol",
  "pk": 22,
  "fields": {
    "permiso": 6,
    "rol": 3
  }
},
{
  "model": "cuentas.permisorol",
  "pk": 23,
  "fields": {
    "permiso": 6,
    "rol": 6
  }
},
{
  "model": "cuentas.permisorol",
  "pk": 24,
  "fields": {
    "permiso": 7,
    "rol": 1
  }
},
{
  "model": "cuentas.permisorol",
  "pk": 25,
  "fields": {
    "permiso": 7,
    "rol": 8
  }
},
{
  "model": "cuentas.permisorol",
  "pk": 26,
  "fields": {
    "permiso": 7,
    "rol": 4
  }
},
{
  "model": "cuentas.permisorol",
  "pk": 27,
  "fields": {
    "permiso": 7,
    "rol": 6
  }
},
{
  "model": "cuentas.permisorol",
  "pk": 28,
  "fields": {
    "permiso": 8,
    "rol": 5
  }
},
{
  "model": "cuentas.permisorol",
  "pk": 29,
  "fields": {
    "permiso": 8,
    "rol": 6
  }
},
{
  "model": "cuentas.permisorol",
  "pk": 30,
  "fields": {
    "permiso": 9,
    "rol": 3
  }
},
{
  "model": "cuentas.permisorol",
  "pk": 31,
  "fields": {
    "permiso": 9,
    "rol": 6
  }
},
{
  "model": "cuentas.permisorol",
  "pk": 32,
  "fields": {
    "permiso": 10,
    "rol": 1
  }
},
{
  "model": "cuentas.permisorol",
  "pk": 33,
  "fields": {
    "permiso": 10,
    "rol": 8
  }
},
{
  "model": "cuentas.permisorol",
  "pk": 34,
  "fields": {
    "permiso": 10,
    "rol": 2
  }
},
{
  "model": "cuentas.permisorol",
  "pk": 35,
  "fields": {
    "permiso": 10,
    "rol": 4
  }
},
{
  "model": "cuentas.permisorol",
  "pk": 36,
  "fields": {
    "permiso": 10,
    "rol": 6
  }
},
{
  "model": "cuentas.permisorol",
  "pk": 37,
  "fields": {
    "permiso": 11,
    "rol": 1
  }
},
{
  "model": "cuentas.permisorol",
  "pk": 38,
  "fields": {
    "permiso": 11,
    "rol": 8
  }
},
{
  "model": "cuentas.permisorol",
  "pk": 39,
  "fields": {
    "permiso": 11,
    "rol": 2
  }
},
{
  "model": "cuentas.permisorol",
  "pk": 40,
  "fields": {
    "permiso": 11,
    "rol": 5
  }
},
{
  "model": "cuentas.permisorol",
  "pk": 41,
  "fields": {
    "permiso": 11,
    "rol": 6
  }
},
{
  "model": "cuentas.permisorol",
  "pk": 42,
  "fields": {
    "permiso": 12,
    "rol": 1
  }
},
{
  "model": "cuentas.permisorol",
  "pk": 43,
  "fields": {
    "permiso": 12,
    "rol": 8
  }
},
{
  "model": "cuentas.permisorol",
  "pk": 44,
  "fields": {
    "permiso": 12,
    "rol": 2
  }
},
{
  "model": "cuentas.permisorol",
  "pk": 45,
  "fields": {
    "permiso": 12,
    "rol": 5
  }
},
{
  "model": "cuentas.permisorol",
  "pk": 46,
  "fields": {
    "permiso": 12,
    "rol": 6
  }
},
{
  "model": "cuentas.permisorol",
  "pk": 47,
  "fields": {
    "permiso": 13,
    "rol": 1
  }
},
{
  "model": "cuentas.permisorol",
  "pk": 48,
  "fields": {
    "permiso": 13,
    "rol": 8
  }
},
{
  "model": "cuentas.permisorol",
  "pk": 49,
  "fields": {
    "permiso": 13,
    "rol": 2
  }
},
{
  "model": "cuentas.permisorol",
  "pk": 50,
  "fields": {
    "permiso": 13,
    "rol": 5
  }
},
{
  "model": "cuentas.permisorol",
  "pk": 51,
  "fields": {
    "permiso": 13,
    "rol": 6
  }
},
{
  "model": "cuentas.permisorol",
  "pk": 52,
  "fields": {
    "permiso": 14,
    "rol": 1
  }
},
{
  "model": "cuentas.permisorol",
  "pk": 53,
  "fields": {
    "permiso": 14,
    "rol": 4
  }
},
{
  "model": "cuentas.permisorol",
  "pk": 54,
  "fields": {
    "permiso": 14,
    "rol": 6
  }
},
{
  "model": "cuentas.permisorol",
  "pk": 55,
  "fields": {
    "permiso": 15,
    "rol": 1
  }
},
{
  "model": "cuentas.permisorol",
  "pk": 56,
  "fields": {
    "permiso": 15,
    "rol": 8
  }
},
{
  "model": "cuentas.permisorol",
  "pk": 57,
  "fields": {
    "permiso": 15,
    "rol": 2
  }
},
{
  "model": "cuentas.permisorol",
  "pk": 58,
  "fields": {
    "permiso": 15,
    "rol": 5
  }
},
{
  "model": "cuentas.permisorol",
  "pk": 59,
  "fields": {
    "permiso": 15,
    "rol": 6
  }
},
{
  "model": "cuentas.permisorol",
  "pk": 60,
  "fields": {
    "permiso": 16,
    "rol": 1
  }
},
{
  "model": "cuentas.permisorol",
  "pk": 61,
  "fields": {
    "permiso": 16,
    "rol": 8
  }
},
{
  "model": "cuentas.permisorol",
  "pk": 62,
  "fields": {
    "permiso": 16,
    "rol": 2
  }
},
{
  "model": "cuentas.permisorol",
  "pk": 63,
  "fields": {
    "permiso": 16,
    "rol": 5
  }
},
{
  "model": "cuentas.permisorol",
  "pk": 64,
  "fields": {
    "permiso": 16,
    "rol": 4
  }
},
{
  "model": "cuentas.permisorol",
  "pk": 65,
  "fields": {
    "permiso": 16,
    "rol": 6
  }
},
{
  "model": "cuentas.permisorol",
  "pk": 66,
  "fields": {
    "permiso": 17,
    "rol": 1
  }
},
{
  "model": "cuentas.permisorol",
  "pk": 67,
  "fields": {
    "permiso": 17,
    "rol": 5
  }
},
{
  "model": "cuentas.permisorol",
  "pk": 68,
  "fields": {
    "permiso": 17,
    "rol": 6
  }
},
{
  "model": "cuentas.permisorol",
  "pk": 69,
  "fields": {
    "permiso": 18,
    "rol": 1
  }
},
{
  "model": "cuentas.permisorol",
  "pk": 70,
  "fields": {
    "permiso": 18,
    "rol": 6
  }
},
{
  "model": "cuentas.permisorol",
  "pk": 71,
  "fields": {
    "permiso": 19,
    "rol": 1
  }
},
{
  "model": "cuentas.permisorol",
  "pk": 72,
  "fields": {
    "permiso": 19,
    "rol": 6
  }
},
{
  "model": "cuentas.permisorol",
  "pk": 73,
  "fields": {
    "permiso": 20,
    "rol": 1
  }
},
{
  "model": "cuentas.permisorol",
  "pk": 74,
  "fields": {
    "permiso": 20,
    "rol": 8
  }
},
{
  "model": "cuentas.permisorol",
  "pk": 75,
  "fields": {
    "permiso": 20,
    "rol": 2
  }
},
{
  "model": "cuentas.permisorol",
  "pk": 76,
  "fields": {
    "permiso": 20,
    "rol": 5
  }
},
{
  "model": "cuentas.permisorol",
  "pk": 77,
  "fields": {
    "permiso": 21,
    "rol": 1
  }
},
{
  "model": "cuentas.permisorol",
  "pk": 78,
  "fields": {
    "permiso": 21,
    "rol": 8
  }
},
{
  "model": "cuentas.permisorol",
  "pk": 79,
  "fields": {
    "permiso": 21,
    "rol": 2
  }
},
{
  "model": "cuentas.permisorol",
  "pk": 80,
  "fields": {
    "permiso": 21,
    "rol": 5
  }
},
{
  "model": "cuentas.permisorol",
  "pk": 81,
  "fields": {
    "permiso": 21,
    "rol": 6
  }
},
{
  "model": "cuentas.permisorol",
  "pk": 82,
  "fields": {
    "permiso": 22,
    "rol": 5
  }
},
{
  "model": "cuentas.permisorol",
  "pk": 83,
  "fields": {
    "permiso": 22,
    "rol": 3
  }
},
{
  "model": "cuentas.permisorol",
  "pk": 84,
  "fields": {
    "permiso": 22,
    "rol": 6
  }
},
{
  "model": "cuentas.permisorol",
  "pk": 85,
  "fields": {
    "permiso": 23,
    "rol": 1
  }
},
{
  "model": "cuentas.permisorol",
  "pk": 86,
  "fields": {
    "permiso": 23,
    "rol": 8
  }
},
{
  "model": "cuentas.permisorol",
  "pk": 87,
  "fields": {
    "permiso": 23,
    "rol": 2
  }
},
{
  "model": "cuentas.permisorol",
  "pk": 88,
  "fields": {
    "permiso": 23,
    "rol": 6
  }
},
{
  "model": "cuentas.permisorol",
  "pk": 89,
  "fields": {
    "permiso": 24,
    "rol": 1
  }
},
{
  "model": "cuentas.permisorol",
  "pk": 90,
  "fields": {
    "permiso": 24,
    "rol": 8
  }
},
{
  "model": "cuentas.permisorol",
  "pk": 91,
  "fields": {
    "permiso": 24,
    "rol": 6
  }
},
{
  "model": "sessions.session",
  "pk": "c93bq2ucf1sm7rnz4lceq5f5pkhn7vx2",
  "fields": {
    "session_data": "YTAzNjcwZGNjNTg3NjBiYmYzMzM3YjYzY2Y1OWQwOTQwODNkMTc4YTp7Il9hdXRoX3VzZXJfaWQiOiIxIiwiX2F1dGhfdXNlcl9iYWNrZW5kIjoiZGphbmdvLmNvbnRyaWIuYXV0aC5iYWNrZW5kcy5Nb2RlbEJhY2tlbmQiLCJfYXV0aF91c2VyX2hhc2giOiIzMGI1OWRmMTI5OTY2OGRmNDdjNWQ5YzkzYWQwMjBhZTViNDI5NGE3IiwidXNlcm5hbWUiOiJBZG1pbiIsInVzZXJyb2xlIjoiU3VwZXJVc2VyIn0=",
    "expire_date": "2019-12-11T14:53:22.897Z"
  }
},
{
  "model": "auth.user",
  "pk": 1,
  "fields": {
    "password": "pbkdf2_sha256$150000$Xamk5FPSZX9k$MtoG8mkZb7XI5eMUwtUWSHVTVzNhZ9bpVvnWJr/nVVQ=",
    "last_login": "2019-11-27T14:53:22.890Z",
    "is_superuser": true,
    "username": "admin",
    "first_name": "",
    "last_name": "",
    "email": "admin@admin.com",
    "is_staff": true,
    "is_active": true,
    "date_joined": "2019-10-22T16:32:49.776Z",
    "groups": [],
    "user_permissions": []
  }
},
{
  "model": "auth.user",
  "pk": 2,
  "fields": {
    "password": "pbkdf2_sha256$150000$5aTZZ6CC3kbY$5yi8NX8FSOpVbMuNqH65hkx6yeDqE7B4rhhaS1Db7vA=",
    "last_login": "2019-11-26T16:37:01.014Z",
    "is_superuser": false,
    "username": "director",
    "first_name": "",
    "last_name": "",
    "email": "director@lalocura.com",
    "is_staff": false,
    "is_active": true,
    "date_joined": "2019-10-22T16:34:58Z",
    "groups": [],
    "user_permissions": []
  }
},
{
  "model": "auth.user",
  "pk": 3,
  "fields": {
    "password": "pbkdf2_sha256$150000$aVVP3KHROjr8$DTxLc3KRnHp5KLNl11PoM0rHyQX9QNH50uAZmMsy3r0=",
    "last_login": null,
    "is_superuser": false,
    "username": "ventas",
    "first_name": "",
    "last_name": "",
    "email": "ventas@lalocura.com",
    "is_staff": false,
    "is_active": true,
    "date_joined": "2019-10-22T16:35:42Z",
    "groups": [],
    "user_permissions": []
  }
},
{
  "model": "auth.user",
  "pk": 4,
  "fields": {
    "password": "pbkdf2_sha256$150000$KMEI0f8nAKvW$hfybHi4YWrKSKbtW3Y65moJiXrYzheinyalXY/K209U=",
    "last_login": null,
    "is_superuser": false,
    "username": "soporte",
    "first_name": "",
    "last_name": "",
    "email": "soporte@lalocura.com",
    "is_staff": false,
    "is_active": true,
    "date_joined": "2019-10-22T16:36:34Z",
    "groups": [],
    "user_permissions": []
  }
},
{
  "model": "auth.user",
  "pk": 5,
  "fields": {
    "password": "pbkdf2_sha256$150000$pP0uh7CH9tjd$nsnCRRDhj55hHkOZ7O2851jFpz9xJcXKMCMqWdiVl80=",
    "last_login": null,
    "is_superuser": false,
    "username": "facturacion",
    "first_name": "",
    "last_name": "",
    "email": "facturacion@lalocura.com",
    "is_staff": false,
    "is_active": true,
    "date_joined": "2019-10-22T16:37:20Z",
    "groups": [],
    "user_permissions": []
  }
},
{
  "model": "auth.user",
  "pk": 6,
  "fields": {
    "password": "pbkdf2_sha256$150000$OwyNFzaePj9s$baZ/R3v61rvefeeJ4K1vpZlNbzSJqbUe3ROHHTecipg=",
    "last_login": "2019-10-22T17:34:41.467Z",
    "is_superuser": false,
    "username": "cliente",
    "first_name": "",
    "last_name": "",
    "email": "cliente@lalocura.com",
    "is_staff": false,
    "is_active": true,
    "date_joined": "2019-10-22T16:37:57Z",
    "groups": [],
    "user_permissions": []
  }
},
{
  "model": "auth.user",
  "pk": 7,
  "fields": {
    "password": "pbkdf2_sha256$150000$vDaNbU5ZPhJr$39dMCg87EhbumpbeSRoeQLWonGiCah14IPsjbRytHOA=",
    "last_login": null,
    "is_superuser": false,
    "username": "phantom",
    "first_name": "",
    "last_name": "",
    "email": "phantom@lalocura.com",
    "is_staff": false,
    "is_active": true,
    "date_joined": "2019-10-22T16:38:43Z",
    "groups": [],
    "user_permissions": []
  }
},
{
  "model": "cuentas.ifcusuario",
  "pk": 1,
  "fields": {
    "rol": 1,
    "user": 2,
    "nombre": "Director",
    "apellido_paterno": ".",
    "apellido_materno": ".",
    "telefono": "123456789",
    "estado": true,
    "empresa": 1,
    "estatus_pago": "NA"
  }
},
{
  "model": "cuentas.ifcusuario",
  "pk": 2,
  "fields": {
    "rol": 2,
    "user": 3,
    "nombre": "Ventas",
    "apellido_paterno": ".",
    "apellido_materno": ".",
    "telefono": "098765432",
    "estado": true,
    "empresa": 1,
    "estatus_pago": "NA"
  }
},
{
  "model": "cuentas.ifcusuario",
  "pk": 3,
  "fields": {
    "rol": 3,
    "user": 6,
    "nombre": "Cliente",
    "apellido_paterno": ".",
    "apellido_materno": ".",
    "telefono": "98767890769",
    "estado": true,
    "empresa": 2,
    "estatus_pago": "NA"
  }
},
{
  "model": "cuentas.ifcusuario",
  "pk": 4,
  "fields": {
    "rol": 4,
    "user": 5,
    "nombre": "Facturacion",
    "apellido_paterno": ".",
    "apellido_materno": ".",
    "telefono": "67890098765",
    "estado": true,
    "empresa": 1,
    "estatus_pago": "NA"
  }
},
{
  "model": "cuentas.ifcusuario",
  "pk": 5,
  "fields": {
    "rol": 5,
    "user": 4,
    "nombre": "Soporte",
    "apellido_paterno": ".",
    "apellido_materno": ".",
    "telefono": "87654356789",
    "estado": true,
    "empresa": 1,
    "estatus_pago": "NA"
  }
},
{
  "model": "cuentas.ifcusuario",
  "pk": 6,
  "fields": {
    "rol": 6,
    "user": 1,
    "nombre": "Admin",
    "apellido_paterno": ".",
    "apellido_materno": ".",
    "telefono": "43567898765678",
    "estado": true,
    "empresa": 1,
    "estatus_pago": "NA"
  }
},
{
  "model": "cuentas.ifcusuario",
  "pk": 7,
  "fields": {
    "rol": 7,
    "user": 7,
    "nombre": "Danny",
    "apellido_paterno": "Phantom",
    "apellido_materno": "Phantom",
    "telefono": "4567890098765",
    "estado": true,
    "empresa": 3,
    "estatus_pago": "NA"
  }
}
]
